Mario Speedwagon,(856) 614-3801,cadam21@yahoo.com,4/25/06
Petey Cruiser,(973) 328-6490,adamsrib@ktis.net,4/16/14
Anna Sthesia,973.680.3518,dpc31351@yahoo.com,2/7/1951
Paul Molive,(908) 820-3969,albs56@aol.com,11/11/1983
Anna Mull,(201) 996-8021,lee73120@aol.com,8/30/05
Gail Forcewind,(609) 561-1485,rlalphonse@sault.com,1/26/1994
Paige Turner,(201) 217-4602,PMACLJA@.com,12/3/1967
Bob Frapples,() 328-6490,alfranbensam@charter.net,8-10-1947
walter melon,(732) 775-5131,rbin.hood0063@aol.com,5/4/10
Nick R. Bocker,(732) 937-4525,asku3@verizon.net,4/4/1955
Barb Ackue,(973) 648-7601,alicearnie@tmobile.com,2/9/01
Buck Kinnear,973-383-4432,bevdnewsome@yahoo.com,8/5/1989
Greta Life,(888) 795-6672,kbaker4640@AOL.COM,6/22/00
Ira Membrit,(973) 458-6724,donbarnes@abc.info,6-25-06
Shonda Leer,(973) 977-4307,Rogbaron@gmail.com,/30/1949
Brock Lee,(732) 937-4525,gramanina@nbc.com,4/4/1991
Maya Didas,908-859-5467,Billbasnett@CNN.NET,8/24/03
Rick O'Shea,(908) 412-7779,jules_b728@yahoo.com,11/1/1970
Pete Sariya,(609) 441-7581,Rbattiat@comcast.net,7/6/1974
Monty Carlo,(856) 935-6289,jimbauer@castles.com,6/16/1985
,(908) 704-3366,june83@optimum.net,2/17/16
Sue Vaneer,(856) 853-4177,edsuebecker451@wowway.com,5/26/1994
Cliff Hanger,(732) 286-6460,JB285@AOL.com,3/16/1968
Barb Dwyer,(609) 292-6800,@comcast.net,11/26/03
Terry Aki,(856) 696-6591,vpb67@bex.net,10/15/04
Cory Ander,(609) 518-3923,wbensel@infoave.net,4/9/1960
Robin Banks,(609) 729-0873,bensops5177@comcast.net,2/1/20
Jimmy Changa,822.558.1345,myrtle_710@tbs.com,2/5/1937
Barry Wine,(855) 844-5457,IRCLOVER@worldnet.att.net,8/14/1942
Wilma mumduya,(811) 231-5703,jb710@zoominternet.net,1/20/01
Buster Keeton,(855) 87-014,joespalace@msn.com,12/22/02
Poppa Smurf,(833) 738-0732,cb06199@gmail.com,6/10/1980
Zack Lee,(833) 871-3292,bireschj@verizon.net,3-10-1961
Don Stairs,(844) 330-0443,mary_biresch@yahoo.com,12/17/1963
Saul Tea,(855) 110-2359,d.bish.67933@aol.com,10/29/04
Peter Pun,(899) 871-5131,rbish7@aol.com,2/15/1965
Hal Appeno,(811) 123-3158,GBitsoli@cox.net,2/12/11
Otto Matic,(833) 996-3497,BOARD617@ATT.NET,5/6/09
Moe Johnson,(833) 079-4284,GREAT MOMAD@AOL.COM,7/17/1945
Graham Cracker,(899) 656-7977,kebrooks@snet.net,5/20/01
Tom Foolery,(899) 004-2527,bill@keithtv.com,10/21/
Al Dente,(833) 239-6363,philliac@aol.com,12/5/1966
Bud,(844) 428-6027,bobbugert@aol.com,10/18/1971
Polly Tech,(822) 734-7117,bbullens@charter.net,6/22/1942
Holly Graham,(899) 113-7403,eburket1@cox.net,6/18/03
Frank N. Stein,(822) 423-7861,moosefan35@yahoo.com,6.14.1968
Cam R. Uh,(855) 909-9276,srburr@comcast.net,5/30/1945
Pat Agonia,899.107.2153,FISHONTHESANDIPEARL@prodigy.org,9/27/10
Tara Zona,(844) 671-1848,jc852@aol.com,3.26.1933
Barry Cade,(855) 620-5928,riccarah@aol.com,9/22/1991
